<xml xmlns="https://developers.google.com/blockly/xml">
  <block type="s4d_login" id=".QQXZKIMvQLo1U4J*=L{" x="0" y="0">
    <value name="TOKEN">
      <block type="text" id="H996*u_/nJx2(KvM7_Pv">
        <field name="TEXT">ODQ5MDUxOTQ4OTkyMDM2ODg1.YLVjPw.T-4VpTFUqoxZ-MTLff_JC9tE9wU</field>
      </block>
    </value>
  </block>
  <block type="s4d_on_connected" id="$*/{)fCld]1X|QWWvdS7" x="0" y="106">
    <statement name="STATEMENTS">
      <block type="s4d_forever" id="q!m3qoCXDa62wu0$!Ha[">
        <statement name="STATEMENT">
          <block type="s4d_set_bot_game" id="i9XZH_K/`Ya^c1m7k;8*">
            <value name="GAME">
              <block type="text" id="omFs35cI7r@ZSCF%lh~8">
                <field name="TEXT">chsydev.cf | r!help</field>
              </block>
            </value>
            <next>
              <block type="s4d_wait_seconds" id="3d@}-qm;348{Y6XTDAm@">
                <value name="TIME">
                  <shadow type="math_number" id="+7:h+Au.`d461OS$3@MA">
                    <field name="NUM">120</field>
                  </shadow>
                </value>
                <next>
                  <block type="s4d_set_bot_game" id="5RcMys(KV+9(yVC]..!n">
                    <value name="GAME">
                      <block type="text" id="G._IRy+E|tMRJC/br-20">
                        <field name="TEXT">chsydev.cf | v2.3</field>
                      </block>
                    </value>
                    <next>
                      <block type="s4d_wait_seconds" id="]gzoB1MwKIi7$!CE9K=^">
                        <value name="TIME">
                          <shadow type="math_number" id="uo3YPdYdIt5j3a9+|bLg">
                            <field name="NUM">120</field>
                          </shadow>
                        </value>
                        <next>
                          <block type="s4d_set_bot_game" id="VQJF`98/au1N(]c`3fpK">
                            <value name="GAME">
                              <block type="text_join" id="OkOP3@+-gT9)1]Y0GZB=">
                                <mutation items="3"></mutation>
                                <value name="ADD0">
                                  <block type="text" id="CSO@a_|gMcIs5n=!:]Q^">
                                    <field name="TEXT">chsydev.cf | </field>
                                  </block>
                                </value>
                                <value name="ADD1">
                                  <block type="s4d_bot_ping" id="Ra)xuLPGWOgY$j]tI2DS"></block>
                                </value>
                                <value name="ADD2">
                                  <block type="text" id="B}VjmQKvO8L(n/:X5.@w">
                                    <field name="TEXT">ms</field>
                                  </block>
                                </value>
                              </block>
                            </value>
                            <next>
                              <block type="s4d_wait_seconds" id="PYrpioE[uSeL7kKA_u-G">
                                <value name="TIME">
                                  <shadow type="math_number" id="^*UI{X-@gHV6/*p(D*Vd">
                                    <field name="NUM">120</field>
                                  </shadow>
                                </value>
                              </block>
                            </next>
                          </block>
                        </next>
                      </block>
                    </next>
                  </block>
                </next>
              </block>
            </next>
          </block>
        </statement>
      </block>
    </statement>
  </block>
  <block type="s4d_on_message" id="6H591!MXuNS/E?{|?xKh" x="0" y="714">
    <statement name="STATEMENTS">
      <block type="controls_if" id=",7OYogi9$A7.~(05gZ/0">
        <value name="IF0">
          <block type="logic_compare" id="`e.Yzaw1H7j10T.j1k=P">
            <field name="OP">EQ</field>
            <value name="A">
              <block type="s4d_message_content" id=",]2}Y{-e76TT{8x.u3Bq"></block>
            </value>
            <value name="B">
              <block type="text" id="36{n?GUVn:G_U=:;epi!">
                <field name="TEXT">r!help</field>
              </block>
            </value>
          </block>
        </value>
        <statement name="DO0">
          <block type="s4d_reply" id="ZZ/HZxONV#)NpCxzV#+!">
            <value name="CONTENT">
              <shadow type="text" id="=G*]z;8qlW#IqXYE`kEd">
                <field name="TEXT">Hey!</field>
              </shadow>
              <block type="s4d_message_embed" id="[pM!C!z7RgwK*AhlgUYC">
                <mutation xmlns="http://www.w3.org/1999/xhtml" message="true" color="true" title="true" footer="true" thumbnail="true"></mutation>
                <value name="MESSAGE">
                  <block type="text_join" id="_D93Lius,+r$k8Lc#7Y0">
                    <mutation items="5"></mutation>
                    <value name="ADD0">
                      <block type="text" id="T.kNh6x%QG|:RWO7Nf0@">
                        <field name="TEXT">😺 ⇒ `r!help fun`</field>
                      </block>
                    </value>
                    <value name="ADD1">
                      <block type="s4d_newline" id="^t6f*H^C,eH@hl.}~,(a"></block>
                    </value>
                    <value name="ADD2">
                      <block type="s4d_newline" id="gJD`[HOkz[hcMr,2S{C3"></block>
                    </value>
                    <value name="ADD3">
                      <block type="text" id="bj.86fXZ12]PIFQB~caf">
                        <field name="TEXT">🛠️ ⇒ `r!help admin`</field>
                      </block>
                    </value>
                    <value name="ADD4">
                      <block type="s4d_newline" id="Ca.o.*5xQc`^|aS]~dnU"></block>
                    </value>
                  </block>
                </value>
                <value name="COLOR">
                  <block type="colour_blend" id="1_)STt1NPGpe+[Mu+?{E">
                    <value name="COLOUR1">
                      <shadow type="colour_picker" id="18R?,#}y$3MN^b4ac9RE">
                        <field name="COLOUR">#ff6600</field>
                      </shadow>
                    </value>
                    <value name="COLOUR2">
                      <shadow type="colour_picker" id="UI]Q7c{Baz^U(i=RWeF~">
                        <field name="COLOUR">#ffcc33</field>
                      </shadow>
                    </value>
                    <value name="RATIO">
                      <shadow type="math_number" id="dOb4v(+(QafTF%?G;_5^">
                        <field name="NUM">1</field>
                      </shadow>
                    </value>
                  </block>
                </value>
                <value name="TITLE">
                  <block type="text" id="ocyPSNc3qT$4FGojJ4Rh">
                    <field name="TEXT">☄️ Commands ☄️</field>
                  </block>
                </value>
                <value name="FOOTER">
                  <block type="text_join" id="K8a8_2la|m/IUzcuOjv:">
                    <mutation items="2"></mutation>
                    <value name="ADD0">
                      <block type="text" id="r+$JxW6wlEZD!RY{}PCM">
                        <field name="TEXT">Bot By Cheesy__#2322 • Sent To </field>
                      </block>
                    </value>
                    <value name="ADD1">
                      <block type="s4d_message_guild" id="L).)`t)$4xA[70I.gW^b"></block>
                    </value>
                  </block>
                </value>
                <value name="THUMBNAIL">
                  <block type="text" id="LAqo@xyx!#f3FW0=xX.H">
                    <field name="TEXT">https://cdn.discordapp.com/attachments/849222452256702466/850570918148440095/6727_googlegun.png</field>
                  </block>
                </value>
              </block>
            </value>
          </block>
        </statement>
      </block>
    </statement>
  </block>
  <block type="s4d_on_message" id="Wh`Z0xM}bhO^ES7iL(kh" x="0" y="1566">
    <statement name="STATEMENTS">
      <block type="controls_if" id="JT00w%I*P_3#Ir)S1(Bp">
        <value name="IF0">
          <block type="logic_compare" id=".+#oS)Z]r8KBH;gSDz!K">
            <field name="OP">EQ</field>
            <value name="A">
              <block type="s4d_message_content" id="im(1PegwA!9NZ#|xyA:a"></block>
            </value>
            <value name="B">
              <block type="text" id="P*R705U~_BWG,+4U#{c{">
                <field name="TEXT">r!help fun</field>
              </block>
            </value>
          </block>
        </value>
        <statement name="DO0">
          <block type="s4d_reply" id="!WaAFTRhbjx%9VJX$j7)">
            <value name="CONTENT">
              <shadow type="text" id="=G*]z;8qlW#IqXYE`kEd">
                <field name="TEXT">Hey!</field>
              </shadow>
              <block type="s4d_message_embed" id="FaEQH/Au6MjXcdVebJfF">
                <mutation xmlns="http://www.w3.org/1999/xhtml" message="true" color="true" title="true" footer="true" thumbnail="true"></mutation>
                <value name="MESSAGE">
                  <block type="text_join" id="sk!GXTXDZ={G]+FXdf7~">
                    <mutation items="5"></mutation>
                    <value name="ADD0">
                      <block type="text" id="bv,)X=OZwA5wp4[Egd}Q">
                        <field name="TEXT">`r!hug &lt;user&gt;` ⇒ Hugs The Mentioned User</field>
                      </block>
                    </value>
                    <value name="ADD1">
                      <block type="s4d_newline" id="u:p_.C@O:Nh):Gf]^g^-"></block>
                    </value>
                    <value name="ADD2">
                      <block type="s4d_newline" id="BdWM6pmCtL_:,xb87c5b"></block>
                    </value>
                    <value name="ADD3">
                      <block type="text" id="Fe*1N|3P3O{jvb|NLZ[t">
                        <field name="TEXT">`r!kill &lt;user&gt;` ⇒ Kills The Mentioned User</field>
                      </block>
                    </value>
                    <value name="ADD4">
                      <block type="s4d_newline" id="y#Gh/c}e/^TnFHvR%[^g"></block>
                    </value>
                  </block>
                </value>
                <value name="COLOR">
                  <block type="colour_blend" id="-v7lKEW~MQ2{Z}3fX9C^">
                    <value name="COLOUR1">
                      <shadow type="colour_picker" id="B40z-T*B@(eNwfJvLT;2">
                        <field name="COLOUR">#ff6600</field>
                      </shadow>
                    </value>
                    <value name="COLOUR2">
                      <shadow type="colour_picker" id="]E=50+JTEfRN#1L3_Q.i">
                        <field name="COLOUR">#ffcc33</field>
                      </shadow>
                    </value>
                    <value name="RATIO">
                      <shadow type="math_number" id="yIab-}#Qe`^-51EYt]18">
                        <field name="NUM">1</field>
                      </shadow>
                    </value>
                  </block>
                </value>
                <value name="TITLE">
                  <block type="text" id="h=X7/ma_`%Gy`Tz39=kZ">
                    <field name="TEXT">☄️ Fun Commands ☄️</field>
                  </block>
                </value>
                <value name="FOOTER">
                  <block type="text_join" id="5euz!K@g8o9Z_bgH+0+;">
                    <mutation items="2"></mutation>
                    <value name="ADD0">
                      <block type="text" id="|9tgDs~N^cITB7p3`HPk">
                        <field name="TEXT">Bot By Cheesy__#2322 • Sent To </field>
                      </block>
                    </value>
                    <value name="ADD1">
                      <block type="s4d_message_guild" id="qDl;5;nGzIf:E*V|s?9p"></block>
                    </value>
                  </block>
                </value>
                <value name="THUMBNAIL">
                  <block type="text" id="f3(J_gHS?Lj^rpoPI[cM">
                    <field name="TEXT">https://cdn.discordapp.com/attachments/849222452256702466/850570918148440095/6727_googlegun.png</field>
                  </block>
                </value>
              </block>
            </value>
          </block>
        </statement>
      </block>
    </statement>
  </block>
  <block type="s4d_on_message" id="{H_J1eI}iE}U^-da$stA" x="0" y="2418">
    <statement name="STATEMENTS">
      <block type="controls_if" id=")krnwX`[`H=Hml=lmEsV">
        <value name="IF0">
          <block type="logic_compare" id="EPN}ZCB?|47EfRAR}TWl">
            <field name="OP">EQ</field>
            <value name="A">
              <block type="s4d_message_content" id="dwaJiIMLl3,MLy1cict:"></block>
            </value>
            <value name="B">
              <block type="text" id="y:5C66]fl#MNpy^].n9y">
                <field name="TEXT">r!help admin</field>
              </block>
            </value>
          </block>
        </value>
        <statement name="DO0">
          <block type="s4d_reply" id=",x?]o%2j%:#z!O0X*NS,">
            <value name="CONTENT">
              <shadow type="text">
                <field name="TEXT">Hey!</field>
              </shadow>
              <block type="s4d_message_embed" id="vb3jABh4XF!bDEylU9N2">
                <mutation xmlns="http://www.w3.org/1999/xhtml" message="true" color="true" title="true" footer="true" thumbnail="true"></mutation>
                <value name="MESSAGE">
                  <block type="text_join" id="uoo^a2N/Z+lk#WKoG?#h">
                    <mutation items="5"></mutation>
                    <value name="ADD0">
                      <block type="text" id="`Y(_Kp1n;QB.%ymR-*3j">
                        <field name="TEXT">`r!ban &lt;user&gt;` ⇒ Bans The User.</field>
                      </block>
                    </value>
                    <value name="ADD1">
                      <block type="s4d_newline" id="Kv8JU%3Nmsi;lmt4s0En"></block>
                    </value>
                    <value name="ADD2">
                      <block type="s4d_newline" id="~ko]=^6(J6)IS?@HTt7i"></block>
                    </value>
                    <value name="ADD3">
                      <block type="text" id="EgZvO#tk`MP_HU*_P?XA">
                        <field name="TEXT">`r!kick &lt;user&gt;` ⇒ Kicks The User</field>
                      </block>
                    </value>
                    <value name="ADD4">
                      <block type="s4d_newline" id="x=v4!pS9aRH=5X?:uWk}"></block>
                    </value>
                  </block>
                </value>
                <value name="COLOR">
                  <block type="colour_blend" id="L_W9vH-U+h^$A:F,HZA(">
                    <value name="COLOUR1">
                      <shadow type="colour_picker" id="}A5Ux`4x@+V2d#B0m91x">
                        <field name="COLOUR">#ff6600</field>
                      </shadow>
                    </value>
                    <value name="COLOUR2">
                      <shadow type="colour_picker" id="+tb^gcyBAa|pPGZh$lA:">
                        <field name="COLOUR">#ffcc33</field>
                      </shadow>
                    </value>
                    <value name="RATIO">
                      <shadow type="math_number" id="z*d@fVeRb:*EY@|V`ex/">
                        <field name="NUM">1</field>
                      </shadow>
                    </value>
                  </block>
                </value>
                <value name="TITLE">
                  <block type="text" id="WAIx}8w,PUMUFIhiZx_x">
                    <field name="TEXT">☄️ Admin Commands ☄️</field>
                  </block>
                </value>
                <value name="FOOTER">
                  <block type="text_join" id="zgVk`B)2ANwXHtY+@}(i">
                    <mutation items="2"></mutation>
                    <value name="ADD0">
                      <block type="text" id="^DM,KbF#7,?W4PkQL[xP">
                        <field name="TEXT">Bot By Cheesy__#2322 • Sent To </field>
                      </block>
                    </value>
                    <value name="ADD1">
                      <block type="s4d_message_guild" id="!Kfw?)f]bC]#J6of.l{@"></block>
                    </value>
                  </block>
                </value>
                <value name="THUMBNAIL">
                  <block type="text" id="%fC*++-NOdX,1p((KGtc">
                    <field name="TEXT">https://cdn.discordapp.com/attachments/849222452256702466/850570918148440095/6727_googlegun.png</field>
                  </block>
                </value>
              </block>
            </value>
          </block>
        </statement>
      </block>
    </statement>
  </block>
  <block type="s4d_on_message" id=":{Xt/D)wG@sYOuTy)4?G" x="0" y="3270">
    <statement name="STATEMENTS">
      <block type="controls_if" id="NO%auKSnnrFloPF!dR})">
        <value name="IF0">
          <block type="s4d_starts_with" id="35)!1;5Mz@`UR:1~R=uq">
            <value name="STRING">
              <shadow type="text" id="4Xe{Akpw4,R[eNzO8oyH">
                <field name="TEXT">abc</field>
              </shadow>
              <block type="s4d_message_content" id="kRc|jXQ5MfKc:igrRqPl"></block>
            </value>
            <value name="SUBSTRING">
              <shadow type="text" id="H?Oa*,;)X?-_VMwc*m0d">
                <field name="TEXT">r!hug</field>
              </shadow>
            </value>
          </block>
        </value>
        <statement name="DO0">
          <block type="s4d_reply" id="BnH+-Ry;[7@B;Ww[==m9">
            <value name="CONTENT">
              <shadow type="text" id="m(96TP)VuN=m?qs.!J(G">
                <field name="TEXT">Hey!</field>
              </shadow>
              <block type="text_join" id="2rV)?]jVD,am;*5|o55O">
                <mutation items="2"></mutation>
                <value name="ADD0">
                  <block type="s4d_mentioned_member" id="I,2/[EdOwF?5)h|/mV-5"></block>
                </value>
                <value name="ADD1">
                  <block type="text" id="R/pOtYGGlRGje09d@ulU">
                    <field name="TEXT">,</field>
                  </block>
                </value>
              </block>
            </value>
            <next>
              <block type="s4d_reply" id="76!9DK*H-/5wG1#uPSbH">
                <value name="CONTENT">
                  <shadow type="text" id="4FMu/UwUuM3sP2a,4@t(">
                    <field name="TEXT">Hey!</field>
                  </shadow>
                  <block type="s4d_message_embed" id="sC)Amlz0^Klz,dV-EYiz">
                    <mutation xmlns="http://www.w3.org/1999/xhtml" message="true" color="true" title="true" footer="true" thumbnail="true"></mutation>
                    <value name="MESSAGE">
                      <block type="text_join" id="o67WblJwZdXW2r!Eg#V`">
                        <mutation items="4"></mutation>
                        <value name="ADD0">
                          <block type="s4d_message_author" id="?[`HN^J,s`766s|NgGM="></block>
                        </value>
                        <value name="ADD1">
                          <block type="text" id="lp$JzoJ5q#gTN!Ws6eC=">
                            <field name="TEXT"> Has Given </field>
                          </block>
                        </value>
                        <value name="ADD2">
                          <block type="s4d_mentioned_member" id="d6d^:Va]$6Zp[F0X@X`^"></block>
                        </value>
                        <value name="ADD3">
                          <block type="text" id="r[nK~yS.N7O2t8;eo%,E">
                            <field name="TEXT"> A Hug!</field>
                          </block>
                        </value>
                      </block>
                    </value>
                    <value name="COLOR">
                      <block type="colour_picker" id="8|,epRYGCG,`mbv9e{_(">
                        <field name="COLOUR">#ff9966</field>
                      </block>
                    </value>
                    <value name="TITLE">
                      <block type="text" id="mP(9[B9QkmWZ%M?/*=)E">
                        <field name="TEXT">♥ Hugs ♥</field>
                      </block>
                    </value>
                    <value name="FOOTER">
                      <block type="text_join" id="qUB+K#K)6FJ^r2iELZ8%">
                        <mutation items="2"></mutation>
                        <value name="ADD0">
                          <block type="text" id="Z5W5elEiYK}$j*DLbo0!">
                            <field name="TEXT">Bot By Cheesy__#2322 • Sent To </field>
                          </block>
                        </value>
                        <value name="ADD1">
                          <block type="s4d_message_guild" id="8uQ#AgM4km0*-3hT=}`t"></block>
                        </value>
                      </block>
                    </value>
                  </block>
                </value>
              </block>
            </next>
          </block>
        </statement>
      </block>
    </statement>
  </block>
  <block type="s4d_on_message" id="PD,gkRVNY3DM,nj?*Skq" x="0" y="4148">
    <statement name="STATEMENTS">
      <block type="controls_if" id="Q68[;.Yv]HA]j/`*D2b(">
        <value name="IF0">
          <block type="s4d_starts_with" id="Cys!mJc;0_^%|L`e-#TH">
            <value name="STRING">
              <shadow type="text">
                <field name="TEXT">abc</field>
              </shadow>
              <block type="s4d_message_content" id="GWTlIBn(Yl|Qn=2?hfb?"></block>
            </value>
            <value name="SUBSTRING">
              <shadow type="text" id=";0cm6!JNiC?:na]0Iv;Q">
                <field name="TEXT">r!kill</field>
              </shadow>
            </value>
          </block>
        </value>
        <statement name="DO0">
          <block type="s4d_reply" id="TqXe95YIVqDdF;yo1m]G">
            <value name="CONTENT">
              <shadow type="text">
                <field name="TEXT">Hey!</field>
              </shadow>
              <block type="text_join" id="@,p3%/D^7+{8um6mG-(l">
                <mutation items="2"></mutation>
                <value name="ADD0">
                  <block type="s4d_mentioned_member" id="Zm3_c~gLE_mcz8zCnmy("></block>
                </value>
                <value name="ADD1">
                  <block type="text" id=",xtYm`mSngsQ6#7w}#2[">
                    <field name="TEXT">,</field>
                  </block>
                </value>
              </block>
            </value>
            <next>
              <block type="s4d_reply" id="K{kDrGAOh[;]6iwVSJ=6">
                <value name="CONTENT">
                  <shadow type="text">
                    <field name="TEXT">Hey!</field>
                  </shadow>
                  <block type="s4d_message_embed" id=")?p28!=`O)YJ!Zl6/S-_">
                    <mutation xmlns="http://www.w3.org/1999/xhtml" message="true" color="true" title="true" footer="true" thumbnail="true"></mutation>
                    <value name="MESSAGE">
                      <block type="text_join" id="|]jf0AT(ih4Tj.T[-A^z">
                        <mutation items="4"></mutation>
                        <value name="ADD0">
                          <block type="s4d_message_author" id="ay#{jek;Ys=mTA@^9smA"></block>
                        </value>
                        <value name="ADD1">
                          <block type="text" id="E=e0Mzbb3L$gwL/hr1t:">
                            <field name="TEXT"> Has Killed </field>
                          </block>
                        </value>
                        <value name="ADD2">
                          <block type="s4d_mentioned_member" id="a3hALd$Ko-v|oAMIt[mX"></block>
                        </value>
                        <value name="ADD3">
                          <block type="text" id="`c9Uo5kh2mlxf:$.=tY{">
                            <field name="TEXT">!</field>
                          </block>
                        </value>
                      </block>
                    </value>
                    <value name="COLOR">
                      <block type="colour_picker" id="slT8L%Qc*VyulczbEg%P">
                        <field name="COLOUR">#ff0000</field>
                      </block>
                    </value>
                    <value name="TITLE">
                      <block type="text" id="f]u6tqGfCL=Ud1NH}j,d">
                        <field name="TEXT">A Wild Murderer Has Appeared...</field>
                      </block>
                    </value>
                    <value name="FOOTER">
                      <block type="text_join" id="WZRMi52]qCur~,+LdBuh">
                        <mutation items="2"></mutation>
                        <value name="ADD0">
                          <block type="text" id="QX-EcaDJ_02=ZPs/Bgjm">
                            <field name="TEXT">Bot By Cheesy__#2322 • Sent To </field>
                          </block>
                        </value>
                        <value name="ADD1">
                          <block type="s4d_message_guild" id="w~#tqqdgpq$1Iz^LMovk"></block>
                        </value>
                      </block>
                    </value>
                  </block>
                </value>
              </block>
            </next>
          </block>
        </statement>
      </block>
    </statement>
  </block>
  <block type="s4d_on_message" id="g8g:vYpH=^iY$]K~*Bso" x="0" y="5026">
    <statement name="STATEMENTS">
      <block type="controls_if" id="/f*}5|.UmjnPt!*bss2}">
        <value name="IF0">
          <block type="logic_operation" id="5/Ac=Cs~`qvw;.S]jZq`">
            <field name="OP">AND</field>
            <value name="A">
              <block type="s4d_starts_with" id="cpav2IuEu;d:v3y~?]Pt">
                <value name="STRING">
                  <shadow type="text" id="c}1t.34uA/]Yg_}!JajP">
                    <field name="TEXT">abc</field>
                  </shadow>
                  <block type="s4d_message_content" id="z+,I|!p*c}8;D$P8m2~O"></block>
                </value>
                <value name="SUBSTRING">
                  <shadow type="text" id="QFffB-heu]rXa$xv%QRb">
                    <field name="TEXT">r!ban</field>
                  </shadow>
                </value>
              </block>
            </value>
            <value name="B">
              <block type="s4d_member_has_permission" id="dJbv.{/xO)H0m7oiI,5P">
                <field name="PERMISSION">BAN_MEMBERS</field>
                <value name="MEMBER">
                  <block type="s4d_message_author" id=".H[Hh]EHf7pkKX,h{qmp"></block>
                </value>
              </block>
            </value>
          </block>
        </value>
        <statement name="DO0">
          <block type="s4d_ban_member" id="0q_h^@/YGYn5y2/%HgEv">
            <value name="MEMBER">
              <block type="s4d_mentioned_member" id="U02/U@C+n5=r`d1UJxS]"></block>
            </value>
            <next>
              <block type="s4d_reply" id="(J($fHKWoMiwI[+|My_Q">
                <value name="CONTENT">
                  <shadow type="text" id="vpXA]QclLC9kLtCFl,Co">
                    <field name="TEXT">Hey!</field>
                  </shadow>
                  <block type="s4d_message_embed" id="P(jTs6h;*c6GgCjVe$1t">
                    <mutation xmlns="http://www.w3.org/1999/xhtml" message="true" color="true" title="true" footer="true" thumbnail="true"></mutation>
                    <value name="MESSAGE">
                      <block type="text_join" id=";J,V{$US]r7WIB@{cHXb">
                        <mutation items="2"></mutation>
                        <value name="ADD0">
                          <block type="text" id="%nJAw/ZRx1IgpP.EI#M!">
                            <field name="TEXT">Successfully Banned The Member </field>
                          </block>
                        </value>
                        <value name="ADD1">
                          <block type="s4d_mentioned_member" id="jL`3=S}FeQ@:l9*)Omv2"></block>
                        </value>
                      </block>
                    </value>
                    <value name="COLOR">
                      <block type="colour_blend" id="F9-0gn1[xvz29KWDJygu">
                        <value name="COLOUR1">
                          <shadow type="colour_picker" id="#?iO3df`i]HYn-U85RC^">
                            <field name="COLOUR">#ff0000</field>
                          </shadow>
                          <block type="colour_random" id="}~cvaC`/Y1{H)g+N#n4N"></block>
                        </value>
                        <value name="COLOUR2">
                          <shadow type="colour_picker" id="~$[jge]L93}-P~WsuVLM">
                            <field name="COLOUR">#3333ff</field>
                          </shadow>
                          <block type="colour_random" id="+eo}8qhHi,Ju#z@K^E@S"></block>
                        </value>
                        <value name="RATIO">
                          <shadow type="math_number" id="UpJz}z5|5%sT{Xr4r1NT">
                            <field name="NUM">1</field>
                          </shadow>
                        </value>
                      </block>
                    </value>
                    <value name="TITLE">
                      <block type="text" id="ch_Yv`x$|43OJkFRoGnN">
                        <field name="TEXT">Success!</field>
                      </block>
                    </value>
                    <value name="FOOTER">
                      <block type="text_join" id=":cs_!2@cO6q}yT`S=ENS">
                        <mutation items="2"></mutation>
                        <value name="ADD0">
                          <block type="text" id="q7Oq/X6#D8=/Zb8foQ}k">
                            <field name="TEXT">Bot By Cheesy__#2322 • Sent To </field>
                          </block>
                        </value>
                        <value name="ADD1">
                          <block type="s4d_message_guild" id="T8~j(Ns#+]|,WoaFiLLi"></block>
                        </value>
                      </block>
                    </value>
                    <value name="THUMBNAIL">
                      <block type="text" id="n3WSPVmcNra0P4al!)e)">
                        <field name="TEXT">https://cdn.discordapp.com/attachments/849222452256702466/850570918148440095/6727_googlegun.png</field>
                      </block>
                    </value>
                  </block>
                </value>
                <next>
                  <block type="s4d_send_member" id="np()[6Yax|GY.-^V@yn:">
                    <value name="CONTENT">
                      <block type="s4d_message_embed" id="ORphiy8[pR_.k~BdEWxI">
                        <mutation xmlns="http://www.w3.org/1999/xhtml" message="true" color="true" title="true" footer="true" thumbnail="true"></mutation>
                        <value name="MESSAGE">
                          <block type="text_join" id="iN/zG5k6TVCy-~!t0xUR">
                            <mutation items="5"></mutation>
                            <value name="ADD0">
                              <block type="text" id="I2vY*0J#jN1]zR}D_NU6">
                                <field name="TEXT">You Have Been Banned From </field>
                              </block>
                            </value>
                            <value name="ADD1">
                              <block type="s4d_message_guild" id="cBO,|xOAk_Bg`7!iGKAO"></block>
                            </value>
                            <value name="ADD2">
                              <block type="s4d_newline" id="AOSBxP$DnA%^XaH.A2)B"></block>
                            </value>
                            <value name="ADD3">
                              <block type="s4d_newline" id="eYwDlPMPn2hWIdc0m?51"></block>
                            </value>
                            <value name="ADD4">
                              <block type="text" id="9OMPA`x-7ZvRg7(44C3$">
                                <field name="TEXT">Reason: undefined</field>
                              </block>
                            </value>
                          </block>
                        </value>
                        <value name="COLOR">
                          <block type="colour_blend" id="B,1}Ur+5Kg/6,l`kQrRo">
                            <value name="COLOUR1">
                              <shadow type="colour_picker">
                                <field name="COLOUR">#ff0000</field>
                              </shadow>
                              <block type="colour_random" id="p0o6l^:)vP!]j}z}Mu;?"></block>
                            </value>
                            <value name="COLOUR2">
                              <shadow type="colour_picker">
                                <field name="COLOUR">#3333ff</field>
                              </shadow>
                              <block type="colour_random" id="MWGR;;5/{qoGOI@XN{G+"></block>
                            </value>
                            <value name="RATIO">
                              <shadow type="math_number" id="-eliYB#r/J,I]=zz-%7d">
                                <field name="NUM">1</field>
                              </shadow>
                            </value>
                          </block>
                        </value>
                        <value name="TITLE">
                          <block type="text" id="c^CNt,+e~XH*GbOD%/JR">
                            <field name="TEXT">Oh No...</field>
                          </block>
                        </value>
                        <value name="FOOTER">
                          <block type="text_join" id="ks9WF%G6AloJ]_,rm?L-">
                            <mutation items="2"></mutation>
                            <value name="ADD0">
                              <block type="text" id="a`IcZ,t,_Dq+p#-pB}){">
                                <field name="TEXT">Bot By Cheesy__#2322 • Sent From </field>
                              </block>
                            </value>
                            <value name="ADD1">
                              <block type="s4d_message_guild" id="r|KYn4ABz(z~E4_?,EvW"></block>
                            </value>
                          </block>
                        </value>
                        <value name="THUMBNAIL">
                          <block type="text" id="2D6X`~d}E|YJz]z.DS]Z">
                            <field name="TEXT">https://cdn.discordapp.com/attachments/849222452256702466/850570918148440095/6727_googlegun.png</field>
                          </block>
                        </value>
                      </block>
                    </value>
                    <value name="MEMBER">
                      <block type="s4d_mentioned_member" id="AT-d0TY,`=?`(*PJ8rxd"></block>
                    </value>
                  </block>
                </next>
              </block>
            </next>
          </block>
        </statement>
      </block>
    </statement>
  </block>
  <block type="s4d_on_message" id="QY3yTKy[K#329|^88{!j" x="0" y="6558">
    <statement name="STATEMENTS">
      <block type="controls_if" id="O.7-.x5K@CtwQv{el}?%">
        <value name="IF0">
          <block type="logic_operation" id="C-*4.N{$V?Obz@*/kgyl">
            <field name="OP">AND</field>
            <value name="A">
              <block type="s4d_starts_with" id="g1wFDGaj78/re/IWJ1+M">
                <value name="STRING">
                  <shadow type="text">
                    <field name="TEXT">abc</field>
                  </shadow>
                  <block type="s4d_message_content" id="mzMq:VnKCD-_=%^lFS.i"></block>
                </value>
                <value name="SUBSTRING">
                  <shadow type="text" id="WDM-TmhL#P,{mWTR2jTX">
                    <field name="TEXT">r!kick</field>
                  </shadow>
                </value>
              </block>
            </value>
            <value name="B">
              <block type="s4d_member_has_permission" id="L#y|4DYqQbyn?:05*q`W">
                <field name="PERMISSION">KICK_MEMBERS</field>
                <value name="MEMBER">
                  <block type="s4d_message_author" id="saZ$V96Dj6BLdQ%A5Yg["></block>
                </value>
              </block>
            </value>
          </block>
        </value>
        <statement name="DO0">
          <block type="s4d_kick_member" id="},zXi{B5;dzZVoiKGd_9">
            <value name="MEMBER">
              <block type="s4d_mentioned_member" id="ErQm-fW4*:/_1;VG[j`K"></block>
            </value>
            <next>
              <block type="s4d_reply" id="5Y~X,#4ssiSbL?_BlgvC">
                <value name="CONTENT">
                  <shadow type="text">
                    <field name="TEXT">Hey!</field>
                  </shadow>
                  <block type="s4d_message_embed" id="5]CvDvr2kh+ZH@3BrysA">
                    <mutation xmlns="http://www.w3.org/1999/xhtml" message="true" color="true" title="true" footer="true" thumbnail="true"></mutation>
                    <value name="MESSAGE">
                      <block type="text_join" id="@K+8ZMbv08Sf.J0EE6*[">
                        <mutation items="2"></mutation>
                        <value name="ADD0">
                          <block type="text" id="0h;rH|jrj60!h$)oe5xt">
                            <field name="TEXT">Successfully Kicked The Member </field>
                          </block>
                        </value>
                        <value name="ADD1">
                          <block type="s4d_mentioned_member" id="E0*-KLmIBZu~uJiMe79G"></block>
                        </value>
                      </block>
                    </value>
                    <value name="COLOR">
                      <block type="colour_blend" id="/mt]2#L(nCuz.+%}j;$@">
                        <value name="COLOUR1">
                          <shadow type="colour_picker">
                            <field name="COLOUR">#ff0000</field>
                          </shadow>
                          <block type="colour_random" id="SyKOP_L7H38U_(KtPBx}"></block>
                        </value>
                        <value name="COLOUR2">
                          <shadow type="colour_picker">
                            <field name="COLOUR">#3333ff</field>
                          </shadow>
                          <block type="colour_random" id="IhS1-~$Jom]M)~,R!^T9"></block>
                        </value>
                        <value name="RATIO">
                          <shadow type="math_number" id="$%-^gO+|%EX2fp{-B2a%">
                            <field name="NUM">1</field>
                          </shadow>
                        </value>
                      </block>
                    </value>
                    <value name="TITLE">
                      <block type="text" id="_%s/eyP0-ia$ARlUSB)Q">
                        <field name="TEXT">Success!</field>
                      </block>
                    </value>
                    <value name="FOOTER">
                      <block type="text_join" id="srb4=E}4x8/;H7YE,[-Z">
                        <mutation items="2"></mutation>
                        <value name="ADD0">
                          <block type="text" id="2/i#6yasWS[/-+^($6Ih">
                            <field name="TEXT">Bot By Cheesy__#2322 • Sent To </field>
                          </block>
                        </value>
                        <value name="ADD1">
                          <block type="s4d_message_guild" id="ZGBjBa$9~`=Kx/i#!4=*"></block>
                        </value>
                      </block>
                    </value>
                    <value name="THUMBNAIL">
                      <block type="text" id="QDJ5iK7O;[TsTcKsl1_l">
                        <field name="TEXT">https://cdn.discordapp.com/attachments/849222452256702466/850570918148440095/6727_googlegun.png</field>
                      </block>
                    </value>
                  </block>
                </value>
                <next>
                  <block type="s4d_send_member" id="+UV;^|)]v+aOpp=YSI,6">
                    <value name="CONTENT">
                      <block type="s4d_message_embed" id="u:`EcZ9dOVr``NcU8Os4">
                        <mutation xmlns="http://www.w3.org/1999/xhtml" message="true" color="true" title="true" footer="true" thumbnail="true"></mutation>
                        <value name="MESSAGE">
                          <block type="text_join" id="+@PzW34[63(/RDb9TV?g">
                            <mutation items="5"></mutation>
                            <value name="ADD0">
                              <block type="text" id="u#KY=$2M243g}WPPoE-X">
                                <field name="TEXT">You Have Been Kicked From </field>
                              </block>
                            </value>
                            <value name="ADD1">
                              <block type="s4d_message_guild" id="W?Hb$yBe3A8VkY)BkLTF"></block>
                            </value>
                            <value name="ADD2">
                              <block type="s4d_newline" id="JR1=?y^uaQl+Fu;Ro:,j"></block>
                            </value>
                            <value name="ADD3">
                              <block type="s4d_newline" id="?ga8R2?%)bG:B{=/rf{="></block>
                            </value>
                            <value name="ADD4">
                              <block type="text" id="]kwB!GM:Vr|OG5f|1gq[">
                                <field name="TEXT">Reason: undefined</field>
                              </block>
                            </value>
                          </block>
                        </value>
                        <value name="COLOR">
                          <block type="colour_blend" id="|5zTj8so1arb+VYsg=X*">
                            <value name="COLOUR1">
                              <shadow type="colour_picker">
                                <field name="COLOUR">#ff0000</field>
                              </shadow>
                              <block type="colour_random" id="XRkkHQKN[o=x$coH~XI)"></block>
                            </value>
                            <value name="COLOUR2">
                              <shadow type="colour_picker">
                                <field name="COLOUR">#3333ff</field>
                              </shadow>
                              <block type="colour_random" id="Ew@zo!5=%b;}j-LzXW(x"></block>
                            </value>
                            <value name="RATIO">
                              <shadow type="math_number" id="8m}Tkor-e4JQ5.jg+H:_">
                                <field name="NUM">1</field>
                              </shadow>
                            </value>
                          </block>
                        </value>
                        <value name="TITLE">
                          <block type="text" id="DtnPFR=RFw_QbgR@xHA#">
                            <field name="TEXT">Oh No...</field>
                          </block>
                        </value>
                        <value name="FOOTER">
                          <block type="text_join" id=";Ft1kKV@Lg/=qZuwH{HT">
                            <mutation items="2"></mutation>
                            <value name="ADD0">
                              <block type="text" id=",2Rkika]Xo0+Y@w]4ZvN">
                                <field name="TEXT">Bot By Cheesy__#2322 • Sent From </field>
                              </block>
                            </value>
                            <value name="ADD1">
                              <block type="s4d_message_guild" id="9tS.,zyhYoS(6Lnfe8lU"></block>
                            </value>
                          </block>
                        </value>
                        <value name="THUMBNAIL">
                          <block type="text" id="zc$mG;*2$5p1xGKcf@s?">
                            <field name="TEXT">https://cdn.discordapp.com/attachments/849222452256702466/850570918148440095/6727_googlegun.png</field>
                          </block>
                        </value>
                      </block>
                    </value>
                    <value name="MEMBER">
                      <block type="s4d_mentioned_member" id="C0=dz`BFTmctdCwzFQn."></block>
                    </value>
                  </block>
                </next>
              </block>
            </next>
          </block>
        </statement>
      </block>
    </statement>
  </block>
</xml>